"User_ID","Topic","Group","Total_Time_Seconds","Initial_Input","Interventions","Final_Output","Timestamp"
"www","{""title"": ""大学生活--期末テストの前夜"", ""scenario"": ""明日の朝の専門科目の期末試験まであと8時間しかないのに、主人公は今やっと最初のページを開いたところ。"", ""shot_count"": 3, ""total_seconds"": 15}","A","15.44","学渣通宵备考，把整本书都涂黑了，最后趴在书上睡死过去","","1
2
3","2026-05-25T17:28:57"
"ss","{""title"": ""大学生活--期末テストの前夜"", ""scenario"": ""明日の朝の専門科目の期末試験まであと8時間しかないのに、主人公は今やっと最初のページを開いたところ。"", ""shot_count"": 3, ""total_seconds"": 15}","A","25.45","学渣通宵备考，把整本书都涂黑了，最后趴在书上睡死过去","","1
2
3","2026-05-26T16:44:31"
"ss","{""title"": ""大学生活--期末テストの前夜"", ""scenario"": ""明日の朝の専門科目の期末試験まであと8時間しかないのに、主人公は今やっと最初のページを開いたところ。"", ""shot_count"": 3, ""total_seconds"": 15}","B","474.26","学渣通宵备考，把整本书都涂黑了，最后趴在书上睡死过去","","<think>
嗯，用户需要一个搞笑风格的大学通宵备考分镜脚本，主题是学渣临考前夜终于翻开书本的场景。从补充要求来看，用户想要突出反差感和黑色幽默——将熬夜涂黑整本书的惨烈过程与最终昏昏欲睡的结局形成对比。

用户可能是个学生或者内容创作者，想要用夸张的视觉表现来消解备考压力。ta没有明确说用途，但15秒的短视频节奏和分镜格式，很可能是用于社交媒体传播。搞笑风格说明ta需要抓人眼球的喜剧效果，而“学渣”人设暗示可以加入更多自嘲元素。

这个创意梗的核心在于“黑化”的具象化呈现。从“翻开书本”到“全书涂黑”再到“睡着”，需要三个递进的夸张阶段来完成黑色幽默。第一镜应该突出时间紧迫感，用时钟特写营造压迫氛围；第二镜要视觉冲击力强，把熬夜涂黑的痕迹表现得像恐怖片一样；第三镜则要用猝倒的慢动作和字幕强化搞笑效果。

在镜头分配上，第一镜3秒建立紧张感，第二镜6秒展现涂黑过程（足够夸张），第三镜6秒收尾。台词设计要配合画面制造意外感，比如“老师说过至少3遍了”这种教务处名言，比自言自语更有生活气息。

音效和字幕是喜剧的重要辅助。闹钟声、翻书声的夸张化处理，以及“救命！我连自己名字都快忘了！”这种抓耳的台词，都能增强传播性。最后落在“第二天考场外”和“这题我会”的经典梗上，既点题又留有回味空间。
</think>
- 【特写】墙上的时钟显示凌晨1点。秒针跳动，背景音渐弱。  
  【台词/音效】闹钟滴答声，“只剩8小时了...”  
  【时长 3 秒】  

- 【全景】书桌上散落的参考书堆，主角（熊猫头睡衣）疯狂翻页涂写，笔尖划出黑色痕迹逐渐覆盖整本书，窗外天微亮。  
  【台词/音效】主角自言自语：“老师说过至少3遍了！” + 笔尖摩擦声  
  【时长 6 秒】  

- 【近景】主角趴在书堆上突然瘫倒，镜头仰视书本已全黑，字幕弹出：“恭喜通宵成功！”  
  【台词/音效】主角倒地发出呼噜声，字幕音效“轰——”  
  【时长 6 秒】","2026-05-26T16:52:25"
"ss","{""title"": ""大学生活--期末テストの前夜"", ""scenario"": ""明日の朝の専門科目の期末試験まであと8時間しかないのに、主人公は今やっと最初のページを開いたところ。"", ""shot_count"": 3, ""total_seconds"": 15}","D","30.10","学渣通宵备考，把整本书都涂黑了，最后趴在书上睡死过去","{""ai_outline"": ""<think>\n嗯，用户需要一个关于大学期末夜的短视频分镜，主题很具体——学渣熬夜复习导致书本被涂黑。看来用户想用这种视觉化夸张的手法表现压力，但故意选了个轻松的角度，可能想用搞笑方式缓解考试焦虑？毕竟“趴在书上睡死过去”这种结局带着荒诞感。\n\n之前我给的三个镜头其实暗含了情绪递进：从紧张翻书开始，到无意识涂黑，最后定格在失败的搞笑瞬间。用户没明确说需要幽默，但“学渣”这个标签和涂黑细节都暗示了自嘲式喜剧。如果用户想要更沉重的版本，可能会用荧光笔划重点、咖啡渍、颤抖的手这类元素，但当前描述里“整本书涂黑”更像是无目的地胡乱涂鸦。\n\n用户对镜头时长的分配很合理：开场快节奏表现慌乱，中间用慢镜头突出夸张效果，结尾静止延长笑点。不过15秒其实很短，可能需要更紧凑的节奏。比如第一镜可以只拍手不拍脸，让观众自己脑补紧张感；第二镜的涂黑过程或许能用特写片段切割，让视觉更破碎。但用户没要求剪辑技巧，现有方案已经够用了。\n</think>\n1. 学生疲惫地翻着眼前的厚厚课本，桌上堆满了参考书，窗外夜色渐深，时钟指向凌晨三点。  \n2. 随着呼吸和偶尔的停顿，学生手中的笔在纸上飞舞，整本书被涂满黑红交错的潦草笔记。  \n3. 学生趴在桌上，双眼紧闭，书上留下了几道最后挣扎的墨水痕迹，桌上书堆散乱，空气凝滞。"", ""user_edited"": ""<think>\n嗯，用户需要一个关于大学期末夜的短视频分镜，主题很具体——学渣熬夜复习导致书本被涂黑。看来用户想用这种视觉化夸张的手法表现压力，但故意选了个轻松的角度，可能想用搞笑方式缓解考试焦虑？毕竟“趴在书上睡死过去”这种结局带着荒诞感。\n\n之前我给的三个镜头其实暗含了情绪递进：从紧张翻书开始，到无意识涂黑，最后定格在失败的搞笑瞬间。用户没明确说需要幽默，但“学渣”这个标签和涂黑细节都暗示了自嘲式喜剧。如果用户想要更沉重的版本，可能会用荧光笔划重点、咖啡渍、颤抖的手这类元素，但当前描述里“整本书涂黑”更像是无目的地胡乱涂鸦。\n\n用户对镜头时长的分配很合理：开场快节奏表现慌乱，中间用慢镜头突出夸张效果，结尾静止延长笑点。不过15秒其实很短，可能需要更紧凑的节奏。比如第一镜可以只拍手不拍脸，让观众自己脑补紧张感；第二镜的涂黑过程或许能用特写片段切割，让视觉更破碎。但用户没要求剪辑技巧，现有方案已经够用了。\n</think>\n1. 学生疲惫地翻着眼前的厚厚课本，桌上堆满了参考书，窗外夜色渐深，时钟指向凌晨三点。  \n2. 随着呼吸和偶尔的停顿，学生手中的笔在纸上飞舞，整本书被涂满黑红交错的潦草笔记。  \n3. 学生趴在桌上，双眼紧闭，书上留下了几道最后挣扎的墨水痕迹，桌上书堆散乱，空气凝滞。""}","1. 【景别】全景  
【画面描写】学生疲惫地坐在书桌前，桌上堆满了书本和参考材料，窗外夜色渐深，墙上的挂钟显示凌晨3点。  
【台词/音效】时钟嘀嗒声，学生疲惫地叹气。  
【时长 5 秒】

2. 【景别】特写  
【画面描写】学生的笔在纸上疯狂地移动，书页被涂满了密密麻麻的笔记，一些区域被涂得黑色一片，只剩下几行字迹隐约可见。  
【台词/音效】笔尖摩擦纸张的沙沙声，背景隐约传来室友的呼吸声。  
【时长 5 秒】

3. 【景别】中景  
【画面描写】学生头顶倒向书桌，身体逐渐向前倾倒，最终趴在桌上，眼睛紧闭，表情平静如死人，书本散落一地。  
【台词/音效】笔尖摩擦声逐渐消失，只有书桌被碰倒的轻响。  
【时长 5 秒】","2026-05-26T16:52:55"
